{"schema":5,"addons":[{"id":"{0d7cafdd-501c-49ca-8ebb-e3341caaa55e}","icons":{"32":"https://addons.cdn.mozilla.net/user-media/addon_icons/1002/1002139-32.png?modified=df7cd6b1","64":"https://addons.cdn.mozilla.net/user-media/addon_icons/1002/1002139-64.png?modified=df7cd6b1","128":"https://addons.cdn.mozilla.net/user-media/addon_icons/1002/1002139-128.png?modified=df7cd6b1"},"name":"YouTube NonStop","version":"0.7.1","sourceURI":"https://addons.mozilla.org/firefox/downloads/file/3433274/youtube_nonstop-0.7.1-fx.xpi?src=","homepageURL":"https://github.com/lawfx/YoutubeNonStop","supportURL":"https://github.com/lawfx/YoutubeNonStop","description":"Tired of getting that \"Video paused. Continue watching?\" confirmation dialog?\nThis extension autoclicks it, so you can listen to your favorite music uninterrupted.\n\nWorking on YouTube and YouTube Music!","fullDescription":"Kiss the annoying \"Video paused. Continue watching?\" confirmation goodbye!\n\nImportant: This extension doesn't keep the confirmation box from popping up. It only counters it. Such as un-pausing the video when paused and auto-clicking the confirmation box.\n\nWorking on YouTube and YouTube Music!\n\nKnown issues:\nWhen trying to pause with Media Keys, the video unpauses immediately.\nWork-around steps are:\n1.Click \"Pause\" media key\n2.YouTube NonStop resumes video\n3.Immediately click \"Pause\" media key again\n4.Video remains paused\n\nThis extension will always remain free.\nIf, however, it made your life easier in any way and you feel like giving back, you can make a teeny tiny donation here: https://www.paypal.me/ioannounikos\n\nUntested (but should work) when: Video is in fullscreen, Video is in miniplayer.\n\nIf you have any problems, don't hesitate to drop me an email. :)","weeklyDownloads":2705,"type":"extension","creator":{"name":"lawfx","url":"https://addons.mozilla.org/en-US/firefox/user/14307471/"},"developers":[],"screenshots":[{"url":"https://addons.cdn.mozilla.net/user-media/previews/full/209/209112.png?modified=1543521779","width":640,"height":400,"thumbnailURL":"https://addons.cdn.mozilla.net/user-media/previews/thumbs/209/209112.png?modified=1543521779","thumbnailWidth":640,"thumbnailHeight":400}],"contributionURL":"https://www.paypal.me/ioannounikos?utm_content=product-page-contribute&utm_medium=referral&utm_source=addons.mozilla.org","averageRating":4.625,"reviewCount":42,"reviewURL":"https://addons.mozilla.org/en-US/firefox/addon/youtube-nonstop/reviews/","updateDate":1572208811000},{"id":"{c607c8df-14a7-4f28-894f-29e8722976af}","icons":{"32":"https://addons.cdn.mozilla.net/user-media/addon_icons/888/888648-32.png?modified=mcrushed","64":"https://addons.cdn.mozilla.net/user-media/addon_icons/888/888648-64.png?modified=mcrushed","128":"https://addons.cdn.mozilla.net/user-media/addon_icons/888/888648-128.png?modified=mcrushed"},"name":"Temporary Containers","version":"1.8","sourceURI":"https://addons.mozilla.org/firefox/downloads/file/3511233/temporary_containers-1.8-fx.xpi?src=","homepageURL":"https://github.com/stoically/temporary-containers","supportURL":"https://github.com/stoically/temporary-containers/issues","description":"Open tabs, websites, and links in automatically managed disposable containers. Containers isolate data websites store (cookies, storage, and more) from each other, enhancing your privacy and security while you browse.","fullDescription":"Easily open disposable containers that isolate attached data and are deleted after usage: Fully automatic, based on navigation-target, for certain websites, with configured mouse clicks on links or just by using the toolbar icon.\n\n    Privacy Policy and Permissions\n    How does it enhance my privacy?\n    Matrix room: #tmp:mozilla.org\n\n\nUsage\n\n    How to open Temporary Containers?\n    Want to make the most out of Temporary Containers? Enable Automatic Mode!\n    How to stay logged in on some websites in Automatic Mode?\n    Troubleshooting\n\n\nAdvanced Usage\n\n    More Keyboard Shortcuts\n    Automatically Delete History\n    Cookies\n    Scripts\n\n\nMiscellaneous\n\n    Free Software / Open Source\n    Comparison with other privacy configurations and Add-ons\n    Compatibility with other Add-ons\n    Complementing Add-ons\n    Recommended privacy enhancing Add-ons","weeklyDownloads":1043,"type":"extension","creator":{"name":"stoically","url":"https://addons.mozilla.org/en-US/firefox/user/13470938/"},"developers":[],"screenshots":[{"url":"https://addons.cdn.mozilla.net/user-media/previews/full/222/222022.png?modified=1562747796","width":282,"height":122,"thumbnailURL":"https://addons.cdn.mozilla.net/user-media/previews/thumbs/222/222022.png?modified=1562747796","thumbnailWidth":282,"thumbnailHeight":122},{"url":"https://addons.cdn.mozilla.net/user-media/previews/full/222/222021.png?modified=1562747797","width":792,"height":785,"thumbnailURL":"https://addons.cdn.mozilla.net/user-media/previews/thumbs/222/222021.png?modified=1562747797","thumbnailWidth":484,"thumbnailHeight":480},{"url":"https://addons.cdn.mozilla.net/user-media/previews/full/222/222020.png?modified=1562747797","width":729,"height":574,"thumbnailURL":"https://addons.cdn.mozilla.net/user-media/previews/thumbs/222/222020.png?modified=1562747797","thumbnailWidth":610,"thumbnailHeight":480},{"url":"https://addons.cdn.mozilla.net/user-media/previews/full/222/222019.png?modified=1562747797","width":746,"height":617,"thumbnailURL":"https://addons.cdn.mozilla.net/user-media/previews/thumbs/222/222019.png?modified=1562747797","thumbnailWidth":580,"thumbnailHeight":480},{"url":"https://addons.cdn.mozilla.net/user-media/previews/full/200/200204.png?modified=1562747792","width":496,"height":475,"thumbnailURL":"https://addons.cdn.mozilla.net/user-media/previews/thumbs/200/200204.png?modified=1562747792","thumbnailWidth":496,"thumbnailHeight":475},{"url":"https://addons.cdn.mozilla.net/user-media/previews/full/222/222018.png?modified=1562747797","width":976,"height":485,"thumbnailURL":"https://addons.cdn.mozilla.net/user-media/previews/thumbs/222/222018.png?modified=1562747797","thumbnailWidth":640,"thumbnailHeight":318}],"contributionURL":"","averageRating":4.7256,"reviewCount":72,"reviewURL":"https://addons.mozilla.org/en-US/firefox/addon/temporary-containers/reviews/","updateDate":1582277714000},{"id":"tabrotator@davidfichtmueller.de","icons":{"32":"https://addons.cdn.mozilla.net/user-media/addon_icons/207/207605-32.png?modified=1519986022","64":"https://addons.cdn.mozilla.net/user-media/addon_icons/207/207605-64.png?modified=1519986022","128":"https://addons.cdn.mozilla.net/user-media/addon_icons/207/207605-128.png?modified=1519986022"},"name":"Tab Rotator","version":"2.0.2","sourceURI":"https://addons.mozilla.org/firefox/downloads/file/879452/tab_rotator-2.0.2-an+fx.xpi?src=","homepageURL":null,"supportURL":null,"description":"The Tab Rotator automatically switches between the open tabs of a browser window after a certain amount of time.","fullDescription":"The Tab Rotator can be started and ended either by pressing Shift+F11 or by clicking on the Tab Rotator Icon, once it is added to the User Interface.\n\nThe time interval after which the next tab should be shown, can by adjusted via the Addons Options-Page. Additionally the user can specify, if each tab should be reloaded after it was displayed and/or if the Tab Rotator should start automatically, when the browser starts.\n\nCustom times for each tab\nAs of version 2.0 it is possible to set a custom time for each tab, entering multiple numbers separated by semicolons in the settings page of the duration. Each tab will use the time of the corresponding number of that list. If there are more tabs than entries in the list, each tab that doesn't have an entry will use the time of the first tab. E.g. when the user enters \"10;30;15\" as the rotation time, it means that the first tab will be displayed for 10 seconds, the second tab for 30 seconds, the third tab for 15 seconds and the fourth and any further tabs for 10 seconds as well.","weeklyDownloads":880,"type":"extension","creator":{"name":"David Fichtmueller","url":"https://addons.mozilla.org/en-US/firefox/user/2546728/"},"developers":[],"screenshots":[],"contributionURL":"https://www.paypal.me/DavidFichtmueller?utm_content=product-page-contribute&utm_medium=referral&utm_source=addons.mozilla.org","averageRating":4.3404,"reviewCount":32,"reviewURL":"https://addons.mozilla.org/en-US/firefox/addon/tab-rotator/reviews/","updateDate":1519985412000},{"id":"{b43b974b-1d3a-4232-b226-eaa2ac6ebb69}","icons":{"32":"https://addons.cdn.mozilla.net/user-media/addon_icons/902/902333-32.png?modified=1564165889","64":"https://addons.cdn.mozilla.net/user-media/addon_icons/902/902333-64.png?modified=1564165889","128":"https://addons.cdn.mozilla.net/user-media/addon_icons/902/902333-128.png?modified=1564165889"},"name":"Random User-Agent","version":"2.2.11","sourceURI":"https://addons.mozilla.org/firefox/downloads/file/3366890/random_user_agent-2.2.11-an+fx.xpi?src=","homepageURL":null,"supportURL":"https://github.com/tarampampam/random-user-agent/issues","description":"Automatically change the user agent after specified period of time to a randomly selected one, thus hiding your real user agent","fullDescription":null,"weeklyDownloads":2658,"type":"extension","creator":{"name":"neroux","url":"https://addons.mozilla.org/en-US/firefox/user/13584325/"},"developers":[],"screenshots":[],"contributionURL":"","averageRating":4.6066,"reviewCount":31,"reviewURL":"https://addons.mozilla.org/en-US/firefox/addon/random_user_agent/reviews/","updateDate":1564165811000},{"id":"{bd6b8f4a-b0c3-4d61-a0f8-5539d3df3959}","icons":{"32":"https://addons.cdn.mozilla.net/user-media/addon_icons/794/794183-32.png?modified=1567022616","64":"https://addons.cdn.mozilla.net/user-media/addon_icons/794/794183-64.png?modified=1567022616","128":"https://addons.cdn.mozilla.net/user-media/addon_icons/794/794183-128.png?modified=1567022616"},"name":"Youtube Ad Auto-skipper","version":"0.5.0","sourceURI":"https://addons.mozilla.org/firefox/downloads/file/3427762/youtube_ad_auto_skipper-0.5.0-fx.xpi?src=","homepageURL":"https://github.com/squgeim/yt-ad-autoskipper","supportURL":"https://squgeim.github.com","description":"Youtube Ad Skipper is an extension that auto skips ads after youtube provides a skip ad button. It does not block an ad.","fullDescription":"This addon is for you if are annoyed of breaking your flow to press the \"Skip Ad\" button on Youtube. This is not an Ad blocker, you will still get ads on Youtube, but if an Ad is skip-able it will be skipped the moment Youtube provides the \"Skip Ad\" button.\n\nIf you think the extension is making your YouTube experience better, you can buy me a coffee.","weeklyDownloads":238,"type":"extension","creator":{"name":"Shreya Dahal","url":"https://addons.mozilla.org/en-US/firefox/user/12038813/"},"developers":[],"screenshots":[],"contributionURL":"","averageRating":4.7143,"reviewCount":14,"reviewURL":"https://addons.mozilla.org/en-US/firefox/addon/youtube-ad-auto-skipper/reviews/","updateDate":1571516110000},{"id":"jid1-q4wSQaG4h3BJUi@jetpack","icons":{"32":"https://addons.cdn.mozilla.net/user-media/addon_icons/608/608662-32.png?modified=1572245885","64":"https://addons.cdn.mozilla.net/user-media/addon_icons/608/608662-64.png?modified=1572245885","128":"https://addons.cdn.mozilla.net/user-media/addon_icons/608/608662-128.png?modified=1572245885"},"name":"Auto HD|LQ for YouTube™","version":"0.1.5","sourceURI":"https://addons.mozilla.org/firefox/downloads/file/937595/auto_hdlq_for_youtubetm-0.1.5-an+fx.xpi?src=","homepageURL":"http://mybrowseraddon.com/youtube-hd-lq.html","supportURL":"http://mybrowseraddon.com/youtube-hd-lq.html","description":"Play YouTube™ Videos in the Highest or Lowest Available Quality","fullDescription":"Auto HD|LQ for YouTube™ is a very lite Firefox extension that forces YouTube HTML5 and Flash players to play videos in High Definition (HD) or lowest available quality (LQ).\n\nSome Features:\n1. Automatically set the Highest/Lowest available quality for all YouTube videos, depending on the user's choice.\n2. Supports both HTML5 and Flash video players.\n3. Easily switch the quality type from toolbar-popup.\n4. HD is useful where internet speed is high enough to load large videos.\n5. LQ is handy where internet speed is low and you just want to see what the video is, and don't want to waste your bandwidth.\n6. There is also an option to automatically set the video quality by YouTube (auto mode).\n\nNote: to submit Bugs, please visit addon's Homepage and fill the bug report form.","weeklyDownloads":151,"type":"extension","creator":{"name":"Allen","url":"https://addons.mozilla.org/en-US/firefox/user/11630876/"},"developers":[],"screenshots":[{"url":"https://addons.cdn.mozilla.net/user-media/previews/full/176/176337.png?modified=1543520497","width":440,"height":280,"thumbnailURL":"https://addons.cdn.mozilla.net/user-media/previews/thumbs/176/176337.png?modified=1543520497","thumbnailWidth":440,"thumbnailHeight":280},{"url":"https://addons.cdn.mozilla.net/user-media/previews/full/157/157810.png?modified=1543520498","width":312,"height":151,"thumbnailURL":"https://addons.cdn.mozilla.net/user-media/previews/thumbs/157/157810.png?modified=1543520498","thumbnailWidth":312,"thumbnailHeight":151,"caption":"toolbar popup UI"},{"url":"https://addons.cdn.mozilla.net/user-media/previews/full/157/157812.png?modified=1543520499","width":700,"height":385,"thumbnailURL":"https://addons.cdn.mozilla.net/user-media/previews/thumbs/157/157812.png?modified=1543520499","thumbnailWidth":640,"thumbnailHeight":352,"caption":"Lowest Available Quality (LQ)"},{"url":"https://addons.cdn.mozilla.net/user-media/previews/full/157/157814.png?modified=1543520501","width":700,"height":386,"thumbnailURL":"https://addons.cdn.mozilla.net/user-media/previews/thumbs/157/157814.png?modified=1543520501","thumbnailWidth":640,"thumbnailHeight":353,"caption":"Highest Available Quality (HD)"}],"contributionURL":"https://paypal.me/supportdevelopment/10usd?utm_content=product-page-contribute&utm_medium=referral&utm_source=addons.mozilla.org","averageRating":3.4167,"reviewCount":10,"reviewURL":"https://addons.mozilla.org/en-US/firefox/addon/youtube-auto-hd-lq/reviews/","updateDate":1535730826000}],"compatOverrides":[]}