{"version":4,"lastUserContextId":7,"identities":[{"userContextId":1,"public":true,"icon":"fingerprint","color":"blue","l10nID":"userContextPersonal.label","accessKey":"userContextPersonal.accesskey","telemetryId":1},{"userContextId":2,"public":true,"icon":"briefcase","color":"orange","l10nID":"userContextWork.label","accessKey":"userContextWork.accesskey","telemetryId":2},{"userContextId":3,"public":true,"icon":"dollar","color":"green","l10nID":"userContextBanking.label","accessKey":"userContextBanking.accesskey","telemetryId":3},{"userContextId":4,"public":true,"icon":"cart","color":"pink","l10nID":"userContextShopping.label","accessKey":"userContextShopping.accesskey","telemetryId":4},{"userContextId":5,"public":false,"icon":"","color":"","name":"userContextIdInternal.thumbnail","accessKey":""},{"userContextId":4294967295,"public":false,"icon":"","color":"","name":"userContextIdInternal.webextStorageLocal","accessKey":""},{"userContextId":7,"public":true,"icon":"tree","color":"orange","name":"tmp2"}]}