{"formautofill@mozilla.org":{"permissions":["internal:privateBrowsingAllowed"],"origins":[]},"fxmonitor@mozilla.org":{"permissions":["internal:privateBrowsingAllowed"],"origins":[]},"screenshots@mozilla.org":{"permissions":["internal:privateBrowsingAllowed"],"origins":[]},"webcompat@mozilla.org":{"permissions":["internal:privateBrowsingAllowed"],"origins":[]},"default-theme@mozilla.org":{"permissions":["internal:privateBrowsingAllowed"],"origins":[]},"google@search.mozilla.org":{"permissions":["internal:privateBrowsingAllowed"],"origins":[]},"amazondotcom@search.mozilla.org":{"permissions":["internal:privateBrowsingAllowed"],"origins":[]},"bing@search.mozilla.org":{"permissions":["internal:privateBrowsingAllowed"],"origins":[]},"ddg@search.mozilla.org":{"permissions":["internal:privateBrowsingAllowed"],"origins":[]},"ebay@search.mozilla.org":{"permissions":["internal:privateBrowsingAllowed"],"origins":[]},"twitter@search.mozilla.org":{"permissions":["internal:privateBrowsingAllowed"],"origins":[]},"wikipedia@search.mozilla.org":{"permissions":["internal:privateBrowsingAllowed"],"origins":[]},"{0d7cafdd-501c-49ca-8ebb-e3341caaa55e}":{"permissions":["internal:privateBrowsingAllowed"],"origins":[]},"{bd6b8f4a-b0c3-4d61-a0f8-5539d3df3959}":{"permissions":["internal:privateBrowsingAllowed"],"origins":[]},"jid1-q4wSQaG4h3BJUi@jetpack":{"permissions":["internal:privateBrowsingAllowed"],"origins":[]},"{b43b974b-1d3a-4232-b226-eaa2ac6ebb69}":{"permissions":["internal:privateBrowsingAllowed"],"origins":[]},"tabrotator@davidfichtmueller.de":{"permissions":["internal:privateBrowsingAllowed"],"origins":[]}}