{"version":2,"commands":{},"url_overrides":{},"prefs":{"privacy.containers":{"initialValue":{"privacy.userContext.enabled":false,"privacy.userContext.longPressBehavior":0,"privacy.userContext.ui.enabled":false,"privacy.usercontext.about_newtab_segregation.enabled":true,"privacy.userContext.extension":""},"precedenceList":[{"id":"{c607c8df-14a7-4f28-894f-29e8722976af}","installDate":1587563716000,"value":"{c607c8df-14a7-4f28-894f-29e8722976af}","enabled":true}]}},"default_search":{},"homepageNotification":{},"newTabNotification":{},"tabHideNotification":{}}